N° semaine;Jour;Date;Discipline;Type de séance;Détails;Durée (min);Journée type;Semaine type;Plaisir (0-5);Retour Athlète;Commentaires;Niveau semaine;Séances clés;Message Envoyé ?
67;Lundi;2026-08-10;CAP;VMA;VMA : 1000m x 5 (effort 03:12, recup 01:28);1125;🟥;🔴;;;;;;
67;Mardi;2026-08-11;CAP;VMA;VMA : 2000m x 4 (effort 06:38, recup 02:57);1842;🟥;🔴;;;;;;
67;Mercredi;2026-08-12;Repos;Repos;Repos total ou étirements;0;⬜;🔴;;;;;;
67;Jeudi;2026-08-13;CAP;VMA;VMA : 1000m x 5 (effort 03:12, recup 01:28);1125;🟥;🔴;;;;;;
67;Vendredi;2026-08-14;Repos;Repos;Repos total ou étirements;0;⬜;🔴;;;;;;
67;Samedi;2026-08-15;Repos;Repos;Repos total ou étirements;0;⬜;🔴;;;;;;
67;Dimanche;2026-08-16;CAP;VMA;VMA : 1000m x 5 (effort 03:12, recup 01:28);1125;🟥;🔴;;;;;;
66;Lundi;2026-08-17;CAP;VC;VC : 1600m x 3 (effort 06:29, recup 03:14);1400;🟨;🔴;;;;;;
66;Mardi;2026-08-18;CAP;VC;VC : 2000m x 3 (effort 08:16, recup 04:03);1774;🟨;🔴;;;;;;
66;Mercredi;2026-08-19;Repos;Repos;Repos total ou étirements;0;⬜;🔴;;;;;;
66;Jeudi;2026-08-20;CAP;VC;VC : 2800m x 2 (effort 11:49, recup 05:40);1680;🟨;🔴;;;;;;
66;Vendredi;2026-08-21;Repos;Repos;Repos total ou étirements;0;⬜;🔴;;;;;;
66;Samedi;2026-08-22;Repos;Repos;Repos total ou étirements;0;⬜;🔴;;;;;;
66;Dimanche;2026-08-23;CAP;VC;VC : 2000m x 3 (effort 08:16, recup 04:03);1774;🟨;🔴;;;;;;
65;Lundi;2026-08-24;CAP;VMA;VMA : 1000m x 5 (effort 03:12, recup 01:28);1125;🟥;🔴;;;;;;
65;Mardi;2026-08-25;CAP;VMA;VMA : 2000m x 4 (effort 06:38, recup 02:57);1842;🟥;🔴;;;;;;
65;Mercredi;2026-08-26;Repos;Repos;Repos total ou étirements;0;⬜;🔴;;;;;;
65;Jeudi;2026-08-27;CAP;VMA;VMA : 1000m x 5 (effort 03:12, recup 01:28);1125;🟥;🔴;;;;;;
65;Vendredi;2026-08-28;Repos;Repos;Repos total ou étirements;0;⬜;🔴;;;;;;
65;Samedi;2026-08-29;Repos;Repos;Repos total ou étirements;0;⬜;🔴;;;;;;
65;Dimanche;2026-08-30;CAP;VMA;VMA : 1000m x 5 (effort 03:12, recup 01:28);1125;🟥;🔴;;;;;;
64;Lundi;2026-08-31;CAP;VC;VC : 2000m x 3 (effort 08:16, recup 04:03);1774;🟨;🔵;;;;;;
64;Mardi;2026-09-01;CAP;VC;VC : 2400m x 3 (effort 10:01, recup 04:51);2144;🟨;🔵;;;;;;
64;Mercredi;2026-09-02;Repos;Repos;Repos total ou étirements;0;⬜;🔵;;;;;;
64;Jeudi;2026-09-03;CAP;VC;VC : 1000m x 4 (effort 03:58, recup 02:01);1152;🟨;🔵;;;;;;
64;Vendredi;2026-09-04;Repos;Repos;Repos total ou étirements;0;⬜;🔵;;;;;;
64;Samedi;2026-09-05;Repos;Repos;Repos total ou étirements;0;⬜;🔵;;;;;;
64;Dimanche;2026-09-06;CAP;VC;VC : 2400m x 3 (effort 10:01, recup 04:51);2144;🟨;🔵;;;;;;
63;Lundi;2026-09-07;CAP;VMA;VMA : 1000m x 5 (effort 03:12, recup 01:28);1125;🟥;🔴;;;;;;
63;Mardi;2026-09-08;CAP;VMA;VMA : 2000m x 4 (effort 06:38, recup 02:57);1842;🟥;🔴;;;;;;
63;Mercredi;2026-09-09;Repos;Repos;Repos total ou étirements;0;⬜;🔴;;;;;;
63;Jeudi;2026-09-10;CAP;VMA;VMA : 1000m x 5 (effort 03:12, recup 01:28);1125;🟥;🔴;;;;;;
63;Vendredi;2026-09-11;Repos;Repos;Repos total ou étirements;0;⬜;🔴;;;;;;
63;Samedi;2026-09-12;Repos;Repos;Repos total ou étirements;0;⬜;🔴;;;;;;
63;Dimanche;2026-09-13;CAP;VMA;VMA : 1000m x 5 (effort 03:12, recup 01:28);1125;🟥;🔴;;;;;;
62;Lundi;2026-09-14;CAP;VC;VC : 2400m x 3 (effort 10:01, recup 04:51);2144;🟨;🔴;;;;;;
62;Mardi;2026-09-15;CAP;VC;VC : 2800m x 2 (effort 11:49, recup 05:40);1680;🟨;🔴;;;;;;
62;Mercredi;2026-09-16;Repos;Repos;Repos total ou étirements;0;⬜;🔴;;;;;;
62;Jeudi;2026-09-17;CAP;VC;VC : 1600m x 3 (effort 06:29, recup 03:14);1400;🟨;🔴;;;;;;
62;Vendredi;2026-09-18;Repos;Repos;Repos total ou étirements;0;⬜;🔴;;;;;;
62;Samedi;2026-09-19;Repos;Repos;Repos total ou étirements;0;⬜;🔴;;;;;;
62;Dimanche;2026-09-20;CAP;VC;VC : 2800m x 2 (effort 11:49, recup 05:40);1680;🟨;🔴;;;;;;
61;Lundi;2026-09-21;CAP;VMA;VMA : 1000m x 5 (effort 03:12, recup 01:28);1125;🟥;🔴;;;;;;
61;Mardi;2026-09-22;CAP;VMA;VMA : 2000m x 4 (effort 06:38, recup 02:57);1842;🟥;🔴;;;;;;
61;Mercredi;2026-09-23;Repos;Repos;Repos total ou étirements;0;⬜;🔴;;;;;;
61;Jeudi;2026-09-24;CAP;VMA;VMA : 1000m x 5 (effort 03:12, recup 01:28);1125;🟥;🔴;;;;;;
61;Vendredi;2026-09-25;Repos;Repos;Repos total ou étirements;0;⬜;🔴;;;;;;
61;Samedi;2026-09-26;Repos;Repos;Repos total ou étirements;0;⬜;🔴;;;;;;
61;Dimanche;2026-09-27;CAP;VMA;VMA : 1000m x 5 (effort 03:12, recup 01:28);1125;🟥;🔴;;;;;;
60;Lundi;2026-09-28;CAP;VC;VC : 2800m x 2 (effort 11:49, recup 05:40);1680;🟨;🔵;;;;;;
60;Mardi;2026-09-29;CAP;VC;VC : 1000m x 4 (effort 03:58, recup 02:01);1152;🟨;🔵;;;;;;
60;Mercredi;2026-09-30;Repos;Repos;Repos total ou étirements;0;⬜;🔵;;;;;;
60;Jeudi;2026-10-01;CAP;VC;VC : 2000m x 3 (effort 08:16, recup 04:03);1774;🟨;🔵;;;;;;
60;Vendredi;2026-10-02;Repos;Repos;Repos total ou étirements;0;⬜;🔵;;;;;;
60;Samedi;2026-10-03;Repos;Repos;Repos total ou étirements;0;⬜;🔵;;;;;;
60;Dimanche;2026-10-04;CAP;VC;VC : 1000m x 4 (effort 03:58, recup 02:01);1152;🟨;🔵;;;;;;
59;Lundi;2026-10-05;CAP;VMA;VMA : 1000m x 5 (effort 03:12, recup 01:28);1125;🟥;🔴;;;;;;
59;Mardi;2026-10-06;CAP;VMA;VMA : 2000m x 4 (effort 06:38, recup 02:57);1842;🟥;🔴;;;;;;
59;Mercredi;2026-10-07;Repos;Repos;Repos total ou étirements;0;⬜;🔴;;;;;;
59;Jeudi;2026-10-08;CAP;VMA;VMA : 1000m x 5 (effort 03:12, recup 01:28);1125;🟥;🔴;;;;;;
59;Vendredi;2026-10-09;Repos;Repos;Repos total ou étirements;0;⬜;🔴;;;;;;
59;Samedi;2026-10-10;Repos;Repos;Repos total ou étirements;0;⬜;🔴;;;;;;
59;Dimanche;2026-10-11;CAP;VMA;VMA : 1000m x 5 (effort 03:12, recup 01:28);1125;🟥;🔴;;;;;;
58;Lundi;2026-10-12;CAP;VC;VC : 1000m x 4 (effort 03:58, recup 02:01);1152;🟨;🔴;;;;;;
58;Mardi;2026-10-13;CAP;VC;VC : 1600m x 3 (effort 06:29, recup 03:14);1400;🟨;🔴;;;;;;
58;Mercredi;2026-10-14;Repos;Repos;Repos total ou étirements;0;⬜;🔴;;;;;;
58;Jeudi;2026-10-15;CAP;VC;VC : 2400m x 3 (effort 10:01, recup 04:51);2144;🟨;🔴;;;;;;
58;Vendredi;2026-10-16;Repos;Repos;Repos total ou étirements;0;⬜;🔴;;;;;;
58;Samedi;2026-10-17;Repos;Repos;Repos total ou étirements;0;⬜;🔴;;;;;;
58;Dimanche;2026-10-18;CAP;VC;VC : 1600m x 3 (effort 06:29, recup 03:14);1400;🟨;🔴;;;;;;
57;Lundi;2026-10-19;CAP;VMA;VMA : 1000m x 5 (effort 03:12, recup 01:28);1125;🟥;🔴;;;;;;
57;Mardi;2026-10-20;CAP;VMA;VMA : 2000m x 4 (effort 06:38, recup 02:57);1842;🟥;🔴;;;;;;
57;Mercredi;2026-10-21;Repos;Repos;Repos total ou étirements;0;⬜;🔴;;;;;;
57;Jeudi;2026-10-22;CAP;VMA;VMA : 1000m x 5 (effort 03:12, recup 01:28);1125;🟥;🔴;;;;;;
57;Vendredi;2026-10-23;Repos;Repos;Repos total ou étirements;0;⬜;🔴;;;;;;
57;Samedi;2026-10-24;Repos;Repos;Repos total ou étirements;0;⬜;🔴;;;;;;
57;Dimanche;2026-10-25;CAP;VMA;VMA : 1000m x 5 (effort 03:12, recup 01:28);1125;🟥;🔴;;;;;;
56;Lundi;2026-10-26;CAP;VC;VC : 1600m x 3 (effort 06:29, recup 03:14);1400;🟨;🔵;;;;;;
56;Mardi;2026-10-27;CAP;VC;VC : 2000m x 3 (effort 08:16, recup 04:03);1774;🟨;🔵;;;;;;
56;Mercredi;2026-10-28;Repos;Repos;Repos total ou étirements;0;⬜;🔵;;;;;;
56;Jeudi;2026-10-29;CAP;VC;VC : 2800m x 2 (effort 11:49, recup 05:40);1680;🟨;🔵;;;;;;
56;Vendredi;2026-10-30;Repos;Repos;Repos total ou étirements;0;⬜;🔵;;;;;;
56;Samedi;2026-10-31;Repos;Repos;Repos total ou étirements;0;⬜;🔵;;;;;;
56;Dimanche;2026-11-01;CAP;VC;VC : 2000m x 3 (effort 08:16, recup 04:03);1774;🟨;🔵;;;;;;
55;Lundi;2026-11-02;CAP;VMA;VMA : 1000m x 5 (effort 03:12, recup 01:28);1125;🟥;🔴;;;;;;
55;Mardi;2026-11-03;CAP;VMA;VMA : 2000m x 4 (effort 06:38, recup 02:57);1842;🟥;🔴;;;;;;
55;Mercredi;2026-11-04;Repos;Repos;Repos total ou étirements;0;⬜;🔴;;;;;;
55;Jeudi;2026-11-05;CAP;VMA;VMA : 1000m x 5 (effort 03:12, recup 01:28);1125;🟥;🔴;;;;;;
55;Vendredi;2026-11-06;Repos;Repos;Repos total ou étirements;0;⬜;🔴;;;;;;
55;Samedi;2026-11-07;Repos;Repos;Repos total ou étirements;0;⬜;🔴;;;;;;
55;Dimanche;2026-11-08;CAP;VMA;VMA : 1000m x 5 (effort 03:12, recup 01:28);1125;🟥;🔴;;;;;;
54;Lundi;2026-11-09;CAP;VC;VC : 2000m x 3 (effort 08:16, recup 04:03);1774;🟨;🔴;;;;;;
54;Mardi;2026-11-10;CAP;VC;VC : 2400m x 3 (effort 10:01, recup 04:51);2144;🟨;🔴;;;;;;
54;Mercredi;2026-11-11;Repos;Repos;Repos total ou étirements;0;⬜;🔴;;;;;;
54;Jeudi;2026-11-12;CAP;VC;VC : 1000m x 4 (effort 03:58, recup 02:01);1152;🟨;🔴;;;;;;
54;Vendredi;2026-11-13;Repos;Repos;Repos total ou étirements;0;⬜;🔴;;;;;;
54;Samedi;2026-11-14;Repos;Repos;Repos total ou étirements;0;⬜;🔴;;;;;;
54;Dimanche;2026-11-15;CAP;VC;VC : 2400m x 3 (effort 10:01, recup 04:51);2144;🟨;🔴;;;;;;
53;Lundi;2026-11-16;CAP;VMA;VMA : 1000m x 5 (effort 03:12, recup 01:28);1125;🟥;🔴;;;;;;
53;Mardi;2026-11-17;CAP;VMA;VMA : 2000m x 4 (effort 06:38, recup 02:57);1842;🟥;🔴;;;;;;
53;Mercredi;2026-11-18;Repos;Repos;Repos total ou étirements;0;⬜;🔴;;;;;;
53;Jeudi;2026-11-19;CAP;VMA;VMA : 1000m x 5 (effort 03:12, recup 01:28);1125;🟥;🔴;;;;;;
53;Vendredi;2026-11-20;Repos;Repos;Repos total ou étirements;0;⬜;🔴;;;;;;
53;Samedi;2026-11-21;Repos;Repos;Repos total ou étirements;0;⬜;🔴;;;;;;
53;Dimanche;2026-11-22;CAP;VMA;VMA : 1000m x 5 (effort 03:12, recup 01:28);1125;🟥;🔴;;;;;;
52;Lundi;2026-11-23;CAP;VC;VC : 2400m x 3 (effort 10:01, recup 04:51);2144;🟨;🔵;;;;;;
52;Mardi;2026-11-24;CAP;VC;VC : 2800m x 2 (effort 11:49, recup 05:40);1680;🟨;🔵;;;;;;
52;Mercredi;2026-11-25;Repos;Repos;Repos total ou étirements;0;⬜;🔵;;;;;;
52;Jeudi;2026-11-26;CAP;VC;VC : 1600m x 3 (effort 06:29, recup 03:14);1400;🟨;🔵;;;;;;
52;Vendredi;2026-11-27;Repos;Repos;Repos total ou étirements;0;⬜;🔵;;;;;;
52;Samedi;2026-11-28;Repos;Repos;Repos total ou étirements;0;⬜;🔵;;;;;;
52;Dimanche;2026-11-29;CAP;VC;VC : 2800m x 2 (effort 11:49, recup 05:40);1680;🟨;🔵;;;;;;
51;Lundi;2026-11-30;CAP;VMA;VMA : 600m x 7 (effort 01:50, recup 00:53);1377;🟥;🔴;;;;;;
51;Mardi;2026-12-01;CAP;VMA;VMA : 700m x 6 (effort 02:10, recup 01:02);1387;🟥;🔴;;;;;;
51;Mercredi;2026-12-02;Repos;Repos;Repos total ou étirements;0;⬜;🔴;;;;;;
51;Jeudi;2026-12-03;CAP;VMA;VMA : 300m x 12 (effort 00:53, recup 00:26);1156;🟥;🔴;;;;;;
51;Vendredi;2026-12-04;Repos;Repos;Repos total ou étirements;0;⬜;🔴;;;;;;
51;Samedi;2026-12-05;Repos;Repos;Repos total ou étirements;0;⬜;🔴;;;;;;
51;Dimanche;2026-12-06;CAP;VMA;VMA : 600m x 7 (effort 01:50, recup 00:53);1377;🟥;🔴;;;;;;
50;Lundi;2026-12-07;CAP;VC;VC : 300m x 10 (effort 01:01, recup 00:36);1179;🟨;🔴;;;;;;
50;Mardi;2026-12-08;CAP;VC;VC : 400m x 7 (effort 01:25, recup 00:48);1124;🟨;🔴;;;;;;
50;Mercredi;2026-12-09;Repos;Repos;Repos total ou étirements;0;⬜;🔴;;;;;;
50;Jeudi;2026-12-10;CAP;VC;VC : 600m x 5 (effort 02:12, recup 01:12);1233;🟨;🔴;;;;;;
50;Vendredi;2026-12-11;Repos;Repos;Repos total ou étirements;0;⬜;🔴;;;;;;
50;Samedi;2026-12-12;Repos;Repos;Repos total ou étirements;0;⬜;🔴;;;;;;
50;Dimanche;2026-12-13;CAP;VC;VC : 300m x 10 (effort 01:01, recup 00:36);1179;🟨;🔴;;;;;;
49;Lundi;2026-12-14;CAP;VMA;VMA : 600m x 7 (effort 01:50, recup 00:53);1377;🟥;🔴;;;;;;
49;Mardi;2026-12-15;CAP;VMA;VMA : 700m x 6 (effort 02:10, recup 01:02);1387;🟥;🔴;;;;;;
49;Mercredi;2026-12-16;Repos;Repos;Repos total ou étirements;0;⬜;🔴;;;;;;
49;Jeudi;2026-12-17;CAP;VMA;VMA : 300m x 12 (effort 00:53, recup 00:26);1156;🟥;🔴;;;;;;
49;Vendredi;2026-12-18;Repos;Repos;Repos total ou étirements;0;⬜;🔴;;;;;;
49;Samedi;2026-12-19;Repos;Repos;Repos total ou étirements;0;⬜;🔴;;;;;;
49;Dimanche;2026-12-20;CAP;VMA;VMA : 600m x 7 (effort 01:50, recup 00:53);1377;🟥;🔴;;;;;;
48;Lundi;2026-12-21;CAP;VC;VC : 300m x 10 (effort 01:01, recup 00:36);1179;🟨;🔵;;;;;;
48;Mardi;2026-12-22;CAP;VC;VC : 400m x 7 (effort 01:25, recup 00:48);1124;🟨;🔵;;;;;;
48;Mercredi;2026-12-23;Repos;Repos;Repos total ou étirements;0;⬜;🔵;;;;;;
48;Jeudi;2026-12-24;CAP;VC;VC : 600m x 5 (effort 02:12, recup 01:12);1233;🟨;🔵;;;;;;
48;Vendredi;2026-12-25;Repos;Repos;Repos total ou étirements;0;⬜;🔵;;;;;;
48;Samedi;2026-12-26;Repos;Repos;Repos total ou étirements;0;⬜;🔵;;;;;;
48;Dimanche;2026-12-27;CAP;VC;VC : 300m x 10 (effort 01:01, recup 00:36);1179;🟨;🔵;;;;;;
47;Lundi;2026-12-28;CAP;VMA;VMA : 600m x 7 (effort 01:50, recup 00:53);1377;🟥;🔴;;;;;;
47;Mardi;2026-12-29;CAP;VMA;VMA : 700m x 6 (effort 02:10, recup 01:02);1387;🟥;🔴;;;;;;
47;Mercredi;2026-12-30;Repos;Repos;Repos total ou étirements;0;⬜;🔴;;;;;;
47;Jeudi;2026-12-31;CAP;VMA;VMA : 300m x 12 (effort 00:53, recup 00:26);1156;🟥;🔴;;;;;;
47;Vendredi;2027-01-01;Repos;Repos;Repos total ou étirements;0;⬜;🔴;;;;;;
47;Samedi;2027-01-02;Repos;Repos;Repos total ou étirements;0;⬜;🔴;;;;;;
47;Dimanche;2027-01-03;CAP;VMA;VMA : 600m x 7 (effort 01:50, recup 00:53);1377;🟥;🔴;;;;;;
46;Lundi;2027-01-04;CAP;VC;VC : 300m x 10 (effort 01:01, recup 00:36);1179;🟨;🔴;;;;;;
46;Mardi;2027-01-05;CAP;VC;VC : 400m x 7 (effort 01:25, recup 00:48);1124;🟨;🔴;;;;;;
46;Mercredi;2027-01-06;Repos;Repos;Repos total ou étirements;0;⬜;🔴;;;;;;
46;Jeudi;2027-01-07;CAP;VC;VC : 600m x 5 (effort 02:12, recup 01:12);1233;🟨;🔴;;;;;;
46;Vendredi;2027-01-08;Repos;Repos;Repos total ou étirements;0;⬜;🔴;;;;;;
46;Samedi;2027-01-09;Repos;Repos;Repos total ou étirements;0;⬜;🔴;;;;;;
46;Dimanche;2027-01-10;CAP;VC;VC : 300m x 10 (effort 01:01, recup 00:36);1179;🟨;🔴;;;;;;
45;Lundi;2027-01-11;CAP;VMA;VMA : 600m x 7 (effort 01:50, recup 00:53);1377;🟥;🔴;;;;;;
45;Mardi;2027-01-12;CAP;VMA;VMA : 700m x 6 (effort 02:10, recup 01:02);1387;🟥;🔴;;;;;;
45;Mercredi;2027-01-13;Repos;Repos;Repos total ou étirements;0;⬜;🔴;;;;;;
45;Jeudi;2027-01-14;CAP;VMA;VMA : 300m x 12 (effort 00:53, recup 00:26);1156;🟥;🔴;;;;;;
45;Vendredi;2027-01-15;Repos;Repos;Repos total ou étirements;0;⬜;🔴;;;;;;
45;Samedi;2027-01-16;Repos;Repos;Repos total ou étirements;0;⬜;🔴;;;;;;
45;Dimanche;2027-01-17;CAP;VMA;VMA : 600m x 7 (effort 01:50, recup 00:53);1377;🟥;🔴;;;;;;
44;Lundi;2027-01-18;CAP;VC;VC : 300m x 10 (effort 01:01, recup 00:36);1179;🟨;🔵;;;;;;
44;Mardi;2027-01-19;CAP;VC;VC : 400m x 7 (effort 01:25, recup 00:48);1124;🟨;🔵;;;;;;
44;Mercredi;2027-01-20;Repos;Repos;Repos total ou étirements;0;⬜;🔵;;;;;;
44;Jeudi;2027-01-21;CAP;VC;VC : 600m x 5 (effort 02:12, recup 01:12);1233;🟨;🔵;;;;;;
44;Vendredi;2027-01-22;Repos;Repos;Repos total ou étirements;0;⬜;🔵;;;;;;
44;Samedi;2027-01-23;Repos;Repos;Repos total ou étirements;0;⬜;🔵;;;;;;
44;Dimanche;2027-01-24;CAP;VC;VC : 300m x 10 (effort 01:01, recup 00:36);1179;🟨;🔵;;;;;;
43;Lundi;2027-01-25;CAP;VMA;VMA : 600m x 7 (effort 01:50, recup 00:53);1377;🟥;🔴;;;;;;
43;Mardi;2027-01-26;CAP;VMA;VMA : 700m x 6 (effort 02:10, recup 01:02);1387;🟥;🔴;;;;;;
43;Mercredi;2027-01-27;Repos;Repos;Repos total ou étirements;0;⬜;🔴;;;;;;
43;Jeudi;2027-01-28;CAP;VMA;VMA : 300m x 12 (effort 00:53, recup 00:26);1156;🟥;🔴;;;;;;
43;Vendredi;2027-01-29;Repos;Repos;Repos total ou étirements;0;⬜;🔴;;;;;;
43;Samedi;2027-01-30;Repos;Repos;Repos total ou étirements;0;⬜;🔴;;;;;;
43;Dimanche;2027-01-31;CAP;VMA;VMA : 600m x 7 (effort 01:50, recup 00:53);1377;🟥;🔴;;;;;;
42;Lundi;2027-02-01;CAP;VC;VC : 300m x 10 (effort 01:01, recup 00:36);1179;🟨;🔴;;;;;;
42;Mardi;2027-02-02;CAP;VC;VC : 400m x 7 (effort 01:25, recup 00:48);1124;🟨;🔴;;;;;;
42;Mercredi;2027-02-03;Repos;Repos;Repos total ou étirements;0;⬜;🔴;;;;;;
42;Jeudi;2027-02-04;CAP;VC;VC : 600m x 5 (effort 02:12, recup 01:12);1233;🟨;🔴;;;;;;
42;Vendredi;2027-02-05;Repos;Repos;Repos total ou étirements;0;⬜;🔴;;;;;;
42;Samedi;2027-02-06;Repos;Repos;Repos total ou étirements;0;⬜;🔴;;;;;;
42;Dimanche;2027-02-07;CAP;VC;VC : 300m x 10 (effort 01:01, recup 00:36);1179;🟨;🔴;;;;;;
41;Lundi;2027-02-08;CAP;VMA;VMA : 600m x 7 (effort 01:50, recup 00:53);1377;🟥;🔴;;;;;;
41;Mardi;2027-02-09;CAP;VMA;VMA : 700m x 6 (effort 02:10, recup 01:02);1387;🟥;🔴;;;;;;
41;Mercredi;2027-02-10;Repos;Repos;Repos total ou étirements;0;⬜;🔴;;;;;;
41;Jeudi;2027-02-11;CAP;VMA;VMA : 300m x 12 (effort 00:53, recup 00:26);1156;🟥;🔴;;;;;;
41;Vendredi;2027-02-12;Repos;Repos;Repos total ou étirements;0;⬜;🔴;;;;;;
41;Samedi;2027-02-13;Repos;Repos;Repos total ou étirements;0;⬜;🔴;;;;;;
41;Dimanche;2027-02-14;CAP;VMA;VMA : 600m x 7 (effort 01:50, recup 00:53);1377;🟥;🔴;;;;;;
40;Lundi;2027-02-15;CAP;VC;VC : 300m x 10 (effort 01:01, recup 00:36);1179;🟨;🔵;;;;;;
40;Mardi;2027-02-16;CAP;VC;VC : 400m x 7 (effort 01:25, recup 00:48);1124;🟨;🔵;;;;;;
40;Mercredi;2027-02-17;Repos;Repos;Repos total ou étirements;0;⬜;🔵;;;;;;
40;Jeudi;2027-02-18;CAP;VC;VC : 600m x 5 (effort 02:12, recup 01:12);1233;🟨;🔵;;;;;;
40;Vendredi;2027-02-19;Repos;Repos;Repos total ou étirements;0;⬜;🔵;;;;;;
40;Samedi;2027-02-20;Repos;Repos;Repos total ou étirements;0;⬜;🔵;;;;;;
40;Dimanche;2027-02-21;CAP;VC;VC : 300m x 10 (effort 01:01, recup 00:36);1179;🟨;🔵;;;;;;
39;Lundi;2027-02-22;CAP;VMA;VMA : 600m x 7 (effort 01:50, recup 00:53);1377;🟥;🔴;;;;;;
39;Mardi;2027-02-23;CAP;VMA;VMA : 700m x 6 (effort 02:10, recup 01:02);1387;🟥;🔴;;;;;;
39;Mercredi;2027-02-24;Repos;Repos;Repos total ou étirements;0;⬜;🔴;;;;;;
39;Jeudi;2027-02-25;CAP;VMA;VMA : 300m x 12 (effort 00:53, recup 00:26);1156;🟥;🔴;;;;;;
39;Vendredi;2027-02-26;Repos;Repos;Repos total ou étirements;0;⬜;🔴;;;;;;
39;Samedi;2027-02-27;Repos;Repos;Repos total ou étirements;0;⬜;🔴;;;;;;
39;Dimanche;2027-02-28;CAP;VMA;VMA : 600m x 7 (effort 01:50, recup 00:53);1377;🟥;🔴;;;;;;
38;Lundi;2027-03-01;CAP;VC;VC : 300m x 10 (effort 01:01, recup 00:36);1179;🟨;🔴;;;;;;
38;Mardi;2027-03-02;CAP;VC;VC : 400m x 7 (effort 01:25, recup 00:48);1124;🟨;🔴;;;;;;
38;Mercredi;2027-03-03;Repos;Repos;Repos total ou étirements;0;⬜;🔴;;;;;;
38;Jeudi;2027-03-04;CAP;VC;VC : 600m x 5 (effort 02:12, recup 01:12);1233;🟨;🔴;;;;;;
38;Vendredi;2027-03-05;Repos;Repos;Repos total ou étirements;0;⬜;🔴;;;;;;
38;Samedi;2027-03-06;Repos;Repos;Repos total ou étirements;0;⬜;🔴;;;;;;
38;Dimanche;2027-03-07;CAP;VC;VC : 300m x 10 (effort 01:01, recup 00:36);1179;🟨;🔴;;;;;;
37;Lundi;2027-03-08;CAP;VMA;VMA : 600m x 7 (effort 01:50, recup 00:53);1377;🟥;🔴;;;;;;
37;Mardi;2027-03-09;CAP;VMA;VMA : 700m x 6 (effort 02:10, recup 01:02);1387;🟥;🔴;;;;;;
37;Mercredi;2027-03-10;Repos;Repos;Repos total ou étirements;0;⬜;🔴;;;;;;
37;Jeudi;2027-03-11;CAP;VMA;VMA : 300m x 12 (effort 00:53, recup 00:26);1156;🟥;🔴;;;;;;
37;Vendredi;2027-03-12;Repos;Repos;Repos total ou étirements;0;⬜;🔴;;;;;;
37;Samedi;2027-03-13;Repos;Repos;Repos total ou étirements;0;⬜;🔴;;;;;;
37;Dimanche;2027-03-14;CAP;VMA;VMA : 600m x 7 (effort 01:50, recup 00:53);1377;🟥;🔴;;;;;;
36;Lundi;2027-03-15;CAP;VC;VC : 300m x 10 (effort 01:01, recup 00:36);1179;🟨;🔵;;;;;;
36;Mardi;2027-03-16;CAP;VC;VC : 400m x 7 (effort 01:25, recup 00:48);1124;🟨;🔵;;;;;;
36;Mercredi;2027-03-17;Repos;Repos;Repos total ou étirements;0;⬜;🔵;;;;;;
36;Jeudi;2027-03-18;CAP;VC;VC : 600m x 5 (effort 02:12, recup 01:12);1233;🟨;🔵;;;;;;
36;Vendredi;2027-03-19;Repos;Repos;Repos total ou étirements;0;⬜;🔵;;;;;;
36;Samedi;2027-03-20;Repos;Repos;Repos total ou étirements;0;⬜;🔵;;;;;;
36;Dimanche;2027-03-21;CAP;VC;VC : 300m x 10 (effort 01:01, recup 00:36);1179;🟨;🔵;;;;;;
35;Lundi;2027-03-22;CAP;VMA;VMA : 600m x 7 (effort 01:50, recup 00:53);1377;🟥;🔴;;;;;;
35;Mardi;2027-03-23;CAP;VMA;VMA : 700m x 6 (effort 02:10, recup 01:02);1387;🟥;🔴;;;;;;
35;Mercredi;2027-03-24;Repos;Repos;Repos total ou étirements;0;⬜;🔴;;;;;;
35;Jeudi;2027-03-25;CAP;VMA;VMA : 300m x 12 (effort 00:53, recup 00:26);1156;🟥;🔴;;;;;;
35;Vendredi;2027-03-26;Repos;Repos;Repos total ou étirements;0;⬜;🔴;;;;;;
35;Samedi;2027-03-27;Repos;Repos;Repos total ou étirements;0;⬜;🔴;;;;;;
35;Dimanche;2027-03-28;CAP;VMA;VMA : 600m x 7 (effort 01:50, recup 00:53);1377;🟥;🔴;;;;;;
34;Lundi;2027-03-29;CAP;VC;VC : 300m x 10 (effort 01:01, recup 00:36);1179;🟨;🔴;;;;;;
34;Mardi;2027-03-30;CAP;VC;VC : 400m x 7 (effort 01:25, recup 00:48);1124;🟨;🔴;;;;;;
34;Mercredi;2027-03-31;Repos;Repos;Repos total ou étirements;0;⬜;🔴;;;;;;
34;Jeudi;2027-04-01;CAP;VC;VC : 600m x 5 (effort 02:12, recup 01:12);1233;🟨;🔴;;;;;;
34;Vendredi;2027-04-02;Repos;Repos;Repos total ou étirements;0;⬜;🔴;;;;;;
34;Samedi;2027-04-03;Repos;Repos;Repos total ou étirements;0;⬜;🔴;;;;;;
34;Dimanche;2027-04-04;CAP;VC;VC : 300m x 10 (effort 01:01, recup 00:36);1179;🟨;🔴;;;;;;
33;Lundi;2027-04-05;CAP;VMA;VMA : 600m x 7 (effort 01:50, recup 00:53);1377;🟥;🔴;;;;;;
33;Mardi;2027-04-06;CAP;VMA;VMA : 700m x 6 (effort 02:10, recup 01:02);1387;🟥;🔴;;;;;;
33;Mercredi;2027-04-07;Repos;Repos;Repos total ou étirements;0;⬜;🔴;;;;;;
33;Jeudi;2027-04-08;CAP;VMA;VMA : 300m x 12 (effort 00:53, recup 00:26);1156;🟥;🔴;;;;;;
33;Vendredi;2027-04-09;Repos;Repos;Repos total ou étirements;0;⬜;🔴;;;;;;
33;Samedi;2027-04-10;Repos;Repos;Repos total ou étirements;0;⬜;🔴;;;;;;
33;Dimanche;2027-04-11;CAP;VMA;VMA : 600m x 7 (effort 01:50, recup 00:53);1377;🟥;🔴;;;;;;
32;Lundi;2027-04-12;CAP;VC;VC : 300m x 10 (effort 01:01, recup 00:36);1179;🟨;🔵;;;;;;
32;Mardi;2027-04-13;CAP;VC;VC : 400m x 7 (effort 01:25, recup 00:48);1124;🟨;🔵;;;;;;
32;Mercredi;2027-04-14;Repos;Repos;Repos total ou étirements;0;⬜;🔵;;;;;;
32;Jeudi;2027-04-15;CAP;VC;VC : 600m x 5 (effort 02:12, recup 01:12);1233;🟨;🔵;;;;;;
32;Vendredi;2027-04-16;Repos;Repos;Repos total ou étirements;0;⬜;🔵;;;;;;
32;Samedi;2027-04-17;Repos;Repos;Repos total ou étirements;0;⬜;🔵;;;;;;
32;Dimanche;2027-04-18;CAP;VC;VC : 300m x 10 (effort 01:01, recup 00:36);1179;🟨;🔵;;;;;;
31;Lundi;2027-04-19;CAP;VMA;VMA : 600m x 7 (effort 01:50, recup 00:53);1377;🟥;🔴;;;;;;
31;Mardi;2027-04-20;CAP;VMA;VMA : 700m x 6 (effort 02:10, recup 01:02);1387;🟥;🔴;;;;;;
31;Mercredi;2027-04-21;Repos;Repos;Repos total ou étirements;0;⬜;🔴;;;;;;
31;Jeudi;2027-04-22;CAP;VMA;VMA : 300m x 12 (effort 00:53, recup 00:26);1156;🟥;🔴;;;;;;
31;Vendredi;2027-04-23;Repos;Repos;Repos total ou étirements;0;⬜;🔴;;;;;;
31;Samedi;2027-04-24;Repos;Repos;Repos total ou étirements;0;⬜;🔴;;;;;;
31;Dimanche;2027-04-25;CAP;VMA;VMA : 600m x 7 (effort 01:50, recup 00:53);1377;🟥;🔴;;;;;;
30;Lundi;2027-04-26;CAP;VC;VC : 300m x 10 (effort 01:01, recup 00:36);1179;🟨;🔴;;;;;;
30;Mardi;2027-04-27;CAP;VC;VC : 400m x 7 (effort 01:25, recup 00:48);1124;🟨;🔴;;;;;;
30;Mercredi;2027-04-28;Repos;Repos;Repos total ou étirements;0;⬜;🔴;;;;;;
30;Jeudi;2027-04-29;CAP;VC;VC : 600m x 5 (effort 02:12, recup 01:12);1233;🟨;🔴;;;;;;
30;Vendredi;2027-04-30;Repos;Repos;Repos total ou étirements;0;⬜;🔴;;;;;;
30;Samedi;2027-05-01;Repos;Repos;Repos total ou étirements;0;⬜;🔴;;;;;;
30;Dimanche;2027-05-02;CAP;VC;VC : 300m x 10 (effort 01:01, recup 00:36);1179;🟨;🔴;;;;;;
29;Lundi;2027-05-03;CAP;VMA;VMA : 600m x 7 (effort 01:50, recup 00:53);1377;🟥;🔴;;;;;;
29;Mardi;2027-05-04;CAP;VMA;VMA : 700m x 6 (effort 02:10, recup 01:02);1387;🟥;🔴;;;;;;
29;Mercredi;2027-05-05;Repos;Repos;Repos total ou étirements;0;⬜;🔴;;;;;;
29;Jeudi;2027-05-06;CAP;VMA;VMA : 300m x 12 (effort 00:53, recup 00:26);1156;🟥;🔴;;;;;;
29;Vendredi;2027-05-07;Repos;Repos;Repos total ou étirements;0;⬜;🔴;;;;;;
29;Samedi;2027-05-08;Repos;Repos;Repos total ou étirements;0;⬜;🔴;;;;;;
29;Dimanche;2027-05-09;CAP;VMA;VMA : 600m x 7 (effort 01:50, recup 00:53);1377;🟥;🔴;;;;;;
28;Lundi;2027-05-10;CAP;VC;VC : 300m x 10 (effort 01:01, recup 00:36);1179;🟨;🔵;;;;;;
28;Mardi;2027-05-11;CAP;VC;VC : 400m x 7 (effort 01:25, recup 00:48);1124;🟨;🔵;;;;;;
28;Mercredi;2027-05-12;Repos;Repos;Repos total ou étirements;0;⬜;🔵;;;;;;
28;Jeudi;2027-05-13;CAP;VC;VC : 600m x 5 (effort 02:12, recup 01:12);1233;🟨;🔵;;;;;;
28;Vendredi;2027-05-14;Repos;Repos;Repos total ou étirements;0;⬜;🔵;;;;;;
28;Samedi;2027-05-15;Repos;Repos;Repos total ou étirements;0;⬜;🔵;;;;;;
28;Dimanche;2027-05-16;CAP;VC;VC : 300m x 10 (effort 01:01, recup 00:36);1179;🟨;🔵;;;;;;
27;Lundi;2027-05-17;CAP;VMA;VMA : 200m x 18 (effort 00:33, recup 00:17);1112;🟥;🔴;;;;;;
27;Mardi;2027-05-18;CAP;VMA;VMA : 300m x 12 (effort 00:53, recup 00:26);1156;🟥;🔴;;;;;;
27;Mercredi;2027-05-19;Repos;Repos;Repos total ou étirements;0;⬜;🔴;;;;;;
27;Jeudi;2027-05-20;CAP;VMA;VMA : 200m x 18 (effort 00:33, recup 00:17);1112;🟥;🔴;;;;;;
27;Vendredi;2027-05-21;Repos;Repos;Repos total ou étirements;0;⬜;🔴;;;;;;
27;Samedi;2027-05-22;Repos;Repos;Repos total ou étirements;0;⬜;🔴;;;;;;
27;Dimanche;2027-05-23;CAP;VMA;VMA : 200m x 18 (effort 00:33, recup 00:17);1112;🟥;🔴;;;;;;
26;Lundi;2027-05-24;CAP;VC;VC : 200m x 14 (effort 00:40, recup 00:24);1089;🟨;🔴;;;;;;
26;Mardi;2027-05-25;CAP;VC;VC : 300m x 10 (effort 01:01, recup 00:36);1179;🟨;🔴;;;;;;
26;Mercredi;2027-05-26;Repos;Repos;Repos total ou étirements;0;⬜;🔴;;;;;;
26;Jeudi;2027-05-27;CAP;VC;VC : 200m x 14 (effort 00:40, recup 00:24);1089;🟨;🔴;;;;;;
26;Vendredi;2027-05-28;Repos;Repos;Repos total ou étirements;0;⬜;🔴;;;;;;
26;Samedi;2027-05-29;Repos;Repos;Repos total ou étirements;0;⬜;🔴;;;;;;
26;Dimanche;2027-05-30;CAP;VC;VC : 200m x 14 (effort 00:40, recup 00:24);1089;🟨;🔴;;;;;;
25;Lundi;2027-05-31;CAP;VMA;VMA : 200m x 18 (effort 00:33, recup 00:17);1112;🟥;🔴;;;;;;
25;Mardi;2027-06-01;CAP;VMA;VMA : 300m x 12 (effort 00:53, recup 00:26);1156;🟥;🔴;;;;;;
25;Mercredi;2027-06-02;Repos;Repos;Repos total ou étirements;0;⬜;🔴;;;;;;
25;Jeudi;2027-06-03;CAP;VMA;VMA : 200m x 18 (effort 00:33, recup 00:17);1112;🟥;🔴;;;;;;
25;Vendredi;2027-06-04;Repos;Repos;Repos total ou étirements;0;⬜;🔴;;;;;;
25;Samedi;2027-06-05;Repos;Repos;Repos total ou étirements;0;⬜;🔴;;;;;;
25;Dimanche;2027-06-06;CAP;VMA;VMA : 200m x 18 (effort 00:33, recup 00:17);1112;🟥;🔴;;;;;;
24;Lundi;2027-06-07;CAP;VC;VC : 200m x 14 (effort 00:40, recup 00:24);1089;🟨;🔵;;;;;;
24;Mardi;2027-06-08;CAP;VC;VC : 300m x 10 (effort 01:01, recup 00:36);1179;🟨;🔵;;;;;;
24;Mercredi;2027-06-09;Repos;Repos;Repos total ou étirements;0;⬜;🔵;;;;;;
24;Jeudi;2027-06-10;CAP;VC;VC : 200m x 14 (effort 00:40, recup 00:24);1089;🟨;🔵;;;;;;
24;Vendredi;2027-06-11;Repos;Repos;Repos total ou étirements;0;⬜;🔵;;;;;;
24;Samedi;2027-06-12;Repos;Repos;Repos total ou étirements;0;⬜;🔵;;;;;;
24;Dimanche;2027-06-13;CAP;VC;VC : 200m x 14 (effort 00:40, recup 00:24);1089;🟨;🔵;;;;;;
23;Lundi;2027-06-14;CAP;VMA;VMA : 200m x 18 (effort 00:33, recup 00:17);1112;🟥;🔴;;;;;;
23;Mardi;2027-06-15;CAP;VMA;VMA : 300m x 12 (effort 00:53, recup 00:26);1156;🟥;🔴;;;;;;
23;Mercredi;2027-06-16;Repos;Repos;Repos total ou étirements;0;⬜;🔴;;;;;;
23;Jeudi;2027-06-17;CAP;VMA;VMA : 200m x 18 (effort 00:33, recup 00:17);1112;🟥;🔴;;;;;;
23;Vendredi;2027-06-18;Repos;Repos;Repos total ou étirements;0;⬜;🔴;;;;;;
23;Samedi;2027-06-19;Repos;Repos;Repos total ou étirements;0;⬜;🔴;;;;;;
23;Dimanche;2027-06-20;CAP;VMA;VMA : 200m x 18 (effort 00:33, recup 00:17);1112;🟥;🔴;;;;;;
22;Lundi;2027-06-21;CAP;VC;VC : 200m x 14 (effort 00:40, recup 00:24);1089;🟨;🔴;;;;;;
22;Mardi;2027-06-22;CAP;VC;VC : 300m x 10 (effort 01:01, recup 00:36);1179;🟨;🔴;;;;;;
22;Mercredi;2027-06-23;Repos;Repos;Repos total ou étirements;0;⬜;🔴;;;;;;
22;Jeudi;2027-06-24;CAP;VC;VC : 200m x 14 (effort 00:40, recup 00:24);1089;🟨;🔴;;;;;;
22;Vendredi;2027-06-25;Repos;Repos;Repos total ou étirements;0;⬜;🔴;;;;;;
22;Samedi;2027-06-26;Repos;Repos;Repos total ou étirements;0;⬜;🔴;;;;;;
22;Dimanche;2027-06-27;CAP;VC;VC : 200m x 14 (effort 00:40, recup 00:24);1089;🟨;🔴;;;;;;
21;Lundi;2027-06-28;CAP;VMA;VMA : 200m x 18 (effort 00:33, recup 00:17);1112;🟥;🔴;;;;;;
21;Mardi;2027-06-29;CAP;VMA;VMA : 300m x 12 (effort 00:53, recup 00:26);1156;🟥;🔴;;;;;;
21;Mercredi;2027-06-30;Repos;Repos;Repos total ou étirements;0;⬜;🔴;;;;;;
21;Jeudi;2027-07-01;CAP;VMA;VMA : 200m x 18 (effort 00:33, recup 00:17);1112;🟥;🔴;;;;;;
21;Vendredi;2027-07-02;Repos;Repos;Repos total ou étirements;0;⬜;🔴;;;;;;
21;Samedi;2027-07-03;Repos;Repos;Repos total ou étirements;0;⬜;🔴;;;;;;
21;Dimanche;2027-07-04;CAP;VMA;VMA : 200m x 18 (effort 00:33, recup 00:17);1112;🟥;🔴;;;;;;
20;Lundi;2027-07-05;CAP;VC;VC : 200m x 14 (effort 00:40, recup 00:24);1089;🟨;🔵;;;;;;
20;Mardi;2027-07-06;CAP;VC;VC : 300m x 10 (effort 01:01, recup 00:36);1179;🟨;🔵;;;;;;
20;Mercredi;2027-07-07;Repos;Repos;Repos total ou étirements;0;⬜;🔵;;;;;;
20;Jeudi;2027-07-08;CAP;VC;VC : 200m x 14 (effort 00:40, recup 00:24);1089;🟨;🔵;;;;;;
20;Vendredi;2027-07-09;Repos;Repos;Repos total ou étirements;0;⬜;🔵;;;;;;
20;Samedi;2027-07-10;Repos;Repos;Repos total ou étirements;0;⬜;🔵;;;;;;
20;Dimanche;2027-07-11;CAP;VC;VC : 200m x 14 (effort 00:40, recup 00:24);1089;🟨;🔵;;;;;;
19;Lundi;2027-07-12;CAP;VMA;VMA : 200m x 18 (effort 00:33, recup 00:17);1112;🟥;🔴;;;;;;
19;Mardi;2027-07-13;CAP;VMA;VMA : 300m x 12 (effort 00:53, recup 00:26);1156;🟥;🔴;;;;;;
19;Mercredi;2027-07-14;Repos;Repos;Repos total ou étirements;0;⬜;🔴;;;;;;
19;Jeudi;2027-07-15;CAP;VMA;VMA : 200m x 18 (effort 00:33, recup 00:17);1112;🟥;🔴;;;;;;
19;Vendredi;2027-07-16;Repos;Repos;Repos total ou étirements;0;⬜;🔴;;;;;;
19;Samedi;2027-07-17;Repos;Repos;Repos total ou étirements;0;⬜;🔴;;;;;;
19;Dimanche;2027-07-18;CAP;VMA;VMA : 200m x 18 (effort 00:33, recup 00:17);1112;🟥;🔴;;;;;;
18;Lundi;2027-07-19;CAP;VC;VC : 200m x 14 (effort 00:40, recup 00:24);1089;🟨;🔴;;;;;;
18;Mardi;2027-07-20;CAP;VC;VC : 300m x 10 (effort 01:01, recup 00:36);1179;🟨;🔴;;;;;;
18;Mercredi;2027-07-21;Repos;Repos;Repos total ou étirements;0;⬜;🔴;;;;;;
18;Jeudi;2027-07-22;CAP;VC;VC : 200m x 14 (effort 00:40, recup 00:24);1089;🟨;🔴;;;;;;
18;Vendredi;2027-07-23;Repos;Repos;Repos total ou étirements;0;⬜;🔴;;;;;;
18;Samedi;2027-07-24;Repos;Repos;Repos total ou étirements;0;⬜;🔴;;;;;;
18;Dimanche;2027-07-25;CAP;VC;VC : 200m x 14 (effort 00:40, recup 00:24);1089;🟨;🔴;;;;;;
17;Lundi;2027-07-26;CAP;VMA;VMA : 200m x 18 (effort 00:33, recup 00:17);1112;🟥;🔴;;;;;;
17;Mardi;2027-07-27;CAP;VMA;VMA : 300m x 12 (effort 00:53, recup 00:26);1156;🟥;🔴;;;;;;
17;Mercredi;2027-07-28;Repos;Repos;Repos total ou étirements;0;⬜;🔴;;;;;;
17;Jeudi;2027-07-29;CAP;VMA;VMA : 200m x 18 (effort 00:33, recup 00:17);1112;🟥;🔴;;;;;;
17;Vendredi;2027-07-30;Repos;Repos;Repos total ou étirements;0;⬜;🔴;;;;;;
17;Samedi;2027-07-31;Repos;Repos;Repos total ou étirements;0;⬜;🔴;;;;;;
17;Dimanche;2027-08-01;CAP;VMA;VMA : 200m x 18 (effort 00:33, recup 00:17);1112;🟥;🔴;;;;;;
16;Lundi;2027-08-02;CAP;VC;VC : 200m x 14 (effort 00:40, recup 00:24);1089;🟨;🔵;;;;;;
16;Mardi;2027-08-03;CAP;VC;VC : 300m x 10 (effort 01:01, recup 00:36);1179;🟨;🔵;;;;;;
16;Mercredi;2027-08-04;Repos;Repos;Repos total ou étirements;0;⬜;🔵;;;;;;
16;Jeudi;2027-08-05;CAP;VC;VC : 200m x 14 (effort 00:40, recup 00:24);1089;🟨;🔵;;;;;;
16;Vendredi;2027-08-06;Repos;Repos;Repos total ou étirements;0;⬜;🔵;;;;;;
16;Samedi;2027-08-07;Repos;Repos;Repos total ou étirements;0;⬜;🔵;;;;;;
16;Dimanche;2027-08-08;CAP;VC;VC : 200m x 14 (effort 00:40, recup 00:24);1089;🟨;🔵;;;;;;
15;Lundi;2027-08-09;CAP;VMA;VMA : 200m x 18 (effort 00:33, recup 00:17);1112;🟥;🔴;;;;;;
15;Mardi;2027-08-10;CAP;VMA;VMA : 300m x 12 (effort 00:53, recup 00:26);1156;🟥;🔴;;;;;;
15;Mercredi;2027-08-11;Repos;Repos;Repos total ou étirements;0;⬜;🔴;;;;;;
15;Jeudi;2027-08-12;CAP;VMA;VMA : 200m x 18 (effort 00:33, recup 00:17);1112;🟥;🔴;;;;;;
15;Vendredi;2027-08-13;Repos;Repos;Repos total ou étirements;0;⬜;🔴;;;;;;
15;Samedi;2027-08-14;Repos;Repos;Repos total ou étirements;0;⬜;🔴;;;;;;
15;Dimanche;2027-08-15;CAP;VMA;VMA : 200m x 18 (effort 00:33, recup 00:17);1112;🟥;🔴;;;;;;
14;Lundi;2027-08-16;CAP;VC;VC : 200m x 14 (effort 00:40, recup 00:24);1089;🟨;🔴;;;;;;
14;Mardi;2027-08-17;CAP;VC;VC : 300m x 10 (effort 01:01, recup 00:36);1179;🟨;🔴;;;;;;
14;Mercredi;2027-08-18;Repos;Repos;Repos total ou étirements;0;⬜;🔴;;;;;;
14;Jeudi;2027-08-19;CAP;VC;VC : 200m x 14 (effort 00:40, recup 00:24);1089;🟨;🔴;;;;;;
14;Vendredi;2027-08-20;Repos;Repos;Repos total ou étirements;0;⬜;🔴;;;;;;
14;Samedi;2027-08-21;Repos;Repos;Repos total ou étirements;0;⬜;🔴;;;;;;
14;Dimanche;2027-08-22;CAP;VC;VC : 200m x 14 (effort 00:40, recup 00:24);1089;🟨;🔴;;;;;;
13;Lundi;2027-08-23;CAP;VMA;VMA : 200m x 18 (effort 00:33, recup 00:17);1112;🟥;🔴;;;;;;
13;Mardi;2027-08-24;CAP;VMA;VMA : 300m x 12 (effort 00:53, recup 00:26);1156;🟥;🔴;;;;;;
13;Mercredi;2027-08-25;Repos;Repos;Repos total ou étirements;0;⬜;🔴;;;;;;
13;Jeudi;2027-08-26;CAP;VMA;VMA : 200m x 18 (effort 00:33, recup 00:17);1112;🟥;🔴;;;;;;
13;Vendredi;2027-08-27;Repos;Repos;Repos total ou étirements;0;⬜;🔴;;;;;;
13;Samedi;2027-08-28;Repos;Repos;Repos total ou étirements;0;⬜;🔴;;;;;;
13;Dimanche;2027-08-29;CAP;VMA;VMA : 200m x 18 (effort 00:33, recup 00:17);1112;🟥;🔴;;;;;;
12;Lundi;2027-08-30;CAP;VC;VC : 200m x 14 (effort 00:40, recup 00:24);1089;🟨;🔵;;;;;;
12;Mardi;2027-08-31;CAP;VC;VC : 300m x 10 (effort 01:01, recup 00:36);1179;🟨;🔵;;;;;;
12;Mercredi;2027-09-01;Repos;Repos;Repos total ou étirements;0;⬜;🔵;;;;;;
12;Jeudi;2027-09-02;CAP;VC;VC : 200m x 14 (effort 00:40, recup 00:24);1089;🟨;🔵;;;;;;
12;Vendredi;2027-09-03;Repos;Repos;Repos total ou étirements;0;⬜;🔵;;;;;;
12;Samedi;2027-09-04;Repos;Repos;Repos total ou étirements;0;⬜;🔵;;;;;;
12;Dimanche;2027-09-05;CAP;VC;VC : 200m x 14 (effort 00:40, recup 00:24);1089;🟨;🔵;;;;;;
11;Lundi;2027-09-06;CAP;VMA;VMA : 300m x 12 (effort 00:53, recup 00:26);771;🟥;🔴;;;;;;
11;Mardi;2027-09-07;CAP;VMA;VMA : 400m x 9 (effort 01:12, recup 00:35);776;🟥;🔴;;;;;;
11;Mercredi;2027-09-08;Repos;Repos;Repos total ou étirements;0;⬜;🔴;;;;;;
11;Jeudi;2027-09-09;CAP;VMA;VMA : 600m x 7 (effort 01:50, recup 00:53);918;🟥;🔴;;;;;;
11;Vendredi;2027-09-10;Repos;Repos;Repos total ou étirements;0;⬜;🔴;;;;;;
11;Samedi;2027-09-11;Repos;Repos;Repos total ou étirements;0;⬜;🔴;;;;;;
11;Dimanche;2027-09-12;CAP;VMA;VMA : 1000m x 5 (effort 03:12, recup 01:28);1125;🟥;🔴;;;;;;
10;Lundi;2027-09-13;CAP;VC;VC : 800m x 4 (effort 03:05, recup 01:37);904;🟨;🔴;;;;;;
10;Mardi;2027-09-14;CAP;VC;VC : 1000m x 4 (effort 03:58, recup 02:01);1152;🟨;🔴;;;;;;
10;Mercredi;2027-09-15;Repos;Repos;Repos total ou étirements;0;⬜;🔴;;;;;;
10;Jeudi;2027-09-16;CAP;VC;VC : 2000m x 3 (effort 08:16, recup 04:03);1774;🟨;🔴;;;;;;
10;Vendredi;2027-09-17;Repos;Repos;Repos total ou étirements;0;⬜;🔴;;;;;;
10;Samedi;2027-09-18;Repos;Repos;Repos total ou étirements;0;⬜;🔴;;;;;;
10;Dimanche;2027-09-19;CAP;VC;VC : 200m x 14 (effort 00:40, recup 00:24);726;🟨;🔴;;;;;;
9;Lundi;2027-09-20;CAP;VMA;VMA : 1000m x 5 (effort 03:12, recup 01:28);1125;🟥;🔴;;;;;;
9;Mardi;2027-09-21;CAP;VMA;VMA : 2000m x 4 (effort 06:38, recup 02:57);1842;🟥;🔴;;;;;;
9;Mercredi;2027-09-22;Repos;Repos;Repos total ou étirements;0;⬜;🔴;;;;;;
9;Jeudi;2027-09-23;CAP;VMA;VMA : 200m x 18 (effort 00:33, recup 00:17);741;🟥;🔴;;;;;;
9;Vendredi;2027-09-24;Repos;Repos;Repos total ou étirements;0;⬜;🔴;;;;;;
9;Samedi;2027-09-25;Repos;Repos;Repos total ou étirements;0;⬜;🔴;;;;;;
9;Dimanche;2027-09-26;CAP;VMA;VMA : 500m x 8 (effort 01:31, recup 00:44);868;🟥;🔴;;;;;;
8;Lundi;2027-09-27;CAP;VC;VC : 200m x 14 (effort 00:40, recup 00:24);726;🟨;🔵;;;;;;
8;Mardi;2027-09-28;CAP;VC;VC : 300m x 10 (effort 01:01, recup 00:36);786;🟨;🔵;;;;;;
8;Mercredi;2027-09-29;Repos;Repos;Repos total ou étirements;0;⬜;🔵;;;;;;
8;Jeudi;2027-09-30;CAP;VC;VC : 500m x 6 (effort 01:48, recup 01:00);812;🟨;🔵;;;;;;
8;Vendredi;2027-10-01;Repos;Repos;Repos total ou étirements;0;⬜;🔵;;;;;;
8;Samedi;2027-10-02;Repos;Repos;Repos total ou étirements;0;⬜;🔵;;;;;;
8;Dimanche;2027-10-03;CAP;VC;VC : 800m x 4 (effort 03:05, recup 01:37);904;🟨;🔵;;;;;;
7;Lundi;2027-10-04;CAP;VMA;VMA : 500m x 8 (effort 01:31, recup 00:44);868;🟥;🔴;;;;;;
7;Mardi;2027-10-05;CAP;VMA;VMA : 600m x 7 (effort 01:50, recup 00:53);918;🟥;🔴;;;;;;
7;Mercredi;2027-10-06;Repos;Repos;Repos total ou étirements;0;⬜;🔴;;;;;;
7;Jeudi;2027-10-07;CAP;VMA;VMA : 800m x 6 (effort 02:30, recup 01:10);1064;🟥;🔴;;;;;;
7;Vendredi;2027-10-08;Repos;Repos;Repos total ou étirements;0;⬜;🔴;;;;;;
7;Samedi;2027-10-09;Repos;Repos;Repos total ou étirements;0;⬜;🔴;;;;;;
7;Dimanche;2027-10-10;CAP;VMA;VMA : 3000m x 3 (effort 10:25, recup 04:26);2140;🟥;🔴;;;;;;
6;Lundi;2027-10-11;CAP;VC;VC : 800m x 4 (effort 03:05, recup 01:37);904;🟨;🔴;;;;;;
6;Mardi;2027-10-12;CAP;VC;VC : 1000m x 4 (effort 03:58, recup 02:01);1152;🟨;🔴;;;;;;
6;Mercredi;2027-10-13;Repos;Repos;Repos total ou étirements;0;⬜;🔴;;;;;;
6;Jeudi;2027-10-14;CAP;VC;VC : 2000m x 3 (effort 08:16, recup 04:03);1774;🟨;🔴;;;;;;
6;Vendredi;2027-10-15;Repos;Repos;Repos total ou étirements;0;⬜;🔴;;;;;;
6;Samedi;2027-10-16;Repos;Repos;Repos total ou étirements;0;⬜;🔴;;;;;;
6;Dimanche;2027-10-17;CAP;VC;VC : 200m x 14 (effort 00:40, recup 00:24);726;🟨;🔴;;;;;;
5;Lundi;2027-10-18;CAP;VMA;VMA : 3000m x 3 (effort 10:25, recup 04:26);2140;🟥;🔴;;;;;;
5;Mardi;2027-10-19;CAP;VMA;VMA : 200m x 18 (effort 00:33, recup 00:17);741;🟥;🔴;;;;;;
5;Mercredi;2027-10-20;Repos;Repos;Repos total ou étirements;0;⬜;🔴;;;;;;
5;Jeudi;2027-10-21;CAP;VMA;VMA : 400m x 9 (effort 01:12, recup 00:35);776;🟥;🔴;;;;;;
5;Vendredi;2027-10-22;Repos;Repos;Repos total ou étirements;0;⬜;🔴;;;;;;
5;Samedi;2027-10-23;Repos;Repos;Repos total ou étirements;0;⬜;🔴;;;;;;
5;Dimanche;2027-10-24;CAP;VMA;VMA : 700m x 6 (effort 02:10, recup 01:02);924;🟥;🔴;;;;;;
4;Lundi;2027-10-25;CAP;VC;VC : 200m x 14 (effort 00:40, recup 00:24);726;🟨;🔵;;;;;;
4;Mardi;2027-10-26;CAP;VC;VC : 300m x 10 (effort 01:01, recup 00:36);786;🟨;🔵;;;;;;
4;Mercredi;2027-10-27;Repos;Repos;Repos total ou étirements;0;⬜;🔵;;;;;;
4;Jeudi;2027-10-28;CAP;VC;VC : 500m x 6 (effort 01:48, recup 01:00);812;🟨;🔵;;;;;;
4;Vendredi;2027-10-29;Repos;Repos;Repos total ou étirements;0;⬜;🔵;;;;;;
4;Samedi;2027-10-30;Repos;Repos;Repos total ou étirements;0;⬜;🔵;;;;;;
4;Dimanche;2027-10-31;CAP;VC;VC : 800m x 4 (effort 03:05, recup 01:37);904;🟨;🔵;;;;;;
3;Lundi;2027-11-01;CAP;VMA;VMA : 700m x 6 (effort 02:10, recup 01:02);924;🟥;🔴;;;;;;
3;Mardi;2027-11-02;CAP;VMA;VMA : 800m x 6 (effort 02:30, recup 01:10);1064;🟥;🔴;;;;;;
3;Mercredi;2027-11-03;Repos;Repos;Repos total ou étirements;0;⬜;🔴;;;;;;
3;Jeudi;2027-11-04;CAP;VMA;VMA : 2000m x 4 (effort 06:38, recup 02:57);1842;🟥;🔴;;;;;;
3;Vendredi;2027-11-05;Repos;Repos;Repos total ou étirements;0;⬜;🔴;;;;;;
3;Samedi;2027-11-06;Repos;Repos;Repos total ou étirements;0;⬜;🔴;;;;;;
3;Dimanche;2027-11-07;CAP;VMA;VMA : 300m x 12 (effort 00:53, recup 00:26);771;🟥;🔴;;;;;;
2;Lundi;2027-11-08;CAP;VC;VC : 800m x 4 (effort 03:05, recup 01:37);904;🟨;🔴;;;;;;
2;Mardi;2027-11-09;CAP;VC;VC : 1000m x 4 (effort 03:58, recup 02:01);1152;🟨;🔴;;;;;;
2;Mercredi;2027-11-10;Repos;Repos;Repos total ou étirements;0;⬜;🔴;;;;;;
2;Jeudi;2027-11-11;CAP;VC;VC : 2000m x 3 (effort 08:16, recup 04:03);1774;🟨;🔴;;;;;;
2;Vendredi;2027-11-12;Repos;Repos;Repos total ou étirements;0;⬜;🔴;;;;;;
2;Samedi;2027-11-13;Repos;Repos;Repos total ou étirements;0;⬜;🔴;;;;;;
2;Dimanche;2027-11-14;CAP;VC;VC : 200m x 14 (effort 00:40, recup 00:24);726;🟨;🔴;;;;;;
1;Lundi;2027-11-15;CAP;VMA;VMA : 300m x 12 (effort 00:53, recup 00:26);771;🟥;🔴;;;;;;
1;Mardi;2027-11-16;CAP;VMA;VMA : 400m x 9 (effort 01:12, recup 00:35);776;🟥;🔴;;;;;;
1;Mercredi;2027-11-17;Repos;Repos;Repos total ou étirements;0;⬜;🔴;;;;;;
1;Jeudi;2027-11-18;CAP;VMA;VMA : 600m x 7 (effort 01:50, recup 00:53);918;🟥;🔴;;;;;;
1;Vendredi;2027-11-19;Repos;Repos;Repos total ou étirements;0;⬜;🔴;;;;;;
1;Samedi;2027-11-20;Repos;Repos;Repos total ou étirements;0;⬜;🔴;;;;;;
1;Dimanche;2027-11-21;CAP;VMA;VMA : 1000m x 5 (effort 03:12, recup 01:28);1125;🟥;🔴;;;;;;
